generation,best_score,best_fitness,avg_fitness
1,196,28.69,22.00
1,317,47.55,28.68
2,236,35.02,23.10
3,304,45.65,23.09
4,313,46.92,24.51
5,296,44.39,25.78
6,271,40.40,25.45
7,225,33.21,27.73
8,320,48.06,39.36
9,250,37.08,19.07
10,194,28.46,22.21
11,298,44.64,23.93
12,226,33.45,24.51
13,740,113.65,27.16
14,519,79.19,30.63
15,179,26.12,20.42
16,148,21.18,19.37
17,190,27.75,22.56
18,265,39.41,29.80
19,624,95.63,27.97
20,887,136.66,25.58
21,213,31.42,23.35
22,232,34.29,28.80
23,378,57.14,22.91
24,404,61.13,23.40
25,497,75.80,26.93
26,396,59.93,34.65
27,373,56.35,30.19
28,562,85.93,28.79
29,232,34.29,24.91
30,717,110.07,41.44
31,209,30.70,24.45
32,314,47.17,27.66
33,222,32.73,22.71
34,199,29.17,23.83
35,678,104.08,38.88
36,230,34.05,25.05
37,618,94.59,26.51
38,694,106.52,32.15
39,213,31.42,22.08
40,370,55.83,25.44
41,291,43.51,28.82
42,457,69.41,28.21
43,808,124.27,39.53
44,638,97.73,29.50
45,386,58.47,37.41
46,505,76.93,31.45
47,833,128.31,27.04
48,301,45.15,23.16
49,364,54.91,22.92
50,752,115.53,31.51
51,272,40.52,21.73
52,416,63.01,32.59
53,494,75.24,28.67
54,674,103.31,31.33
55,768,118.06,31.14
56,416,63.01,34.44
57,357,53.87,27.21
58,240,35.50,27.09
59,737,113.18,47.19
60,832,128.15,54.50
61,435,65.99,39.12
62,856,131.89,41.10
63,648,99.38,37.09
64,646,99.08,46.79
65,400,60.59,32.28
66,871,134.19,69.14
67,202,29.64,21.84
68,1012,156.26,38.22
69,319,47.94,36.21
70,416,63.14,35.52
71,479,72.87,36.35
72,919,141.65,68.61
73,935,144.16,55.18
74,426,64.63,47.88
75,1055,162.86,68.13
76,1023,157.99,51.96
77,759,116.64,74.27
78,499,76.08,43.68
79,223,32.85,29.55
80,255,37.94,28.92
81,411,62.34,37.16
82,755,116.01,72.59
83,348,52.44,33.03
84,371,56.09,41.08
85,912,140.64,68.64
86,378,57.14,38.92
87,536,81.90,49.09
88,407,61.67,43.21
89,621,95.04,59.92
90,449,68.31,45.13
91,234,34.65,24.92
92,537,82.04,45.67
93,597,91.34,56.05
94,506,77.07,39.29
95,209,30.70,24.51
96,263,39.17,29.26
97,585,89.43,29.46
98,734,112.72,40.62
99,686,105.30,67.39
100,330,49.60,36.46
101,482,73.42,41.56
102,1066,164.62,77.44
103,653,100.13,47.37
104,795,122.35,54.69
105,386,58.33,44.26
106,654,100.28,49.15
107,708,108.68,68.42
108,678,104.08,44.41
109,754,115.85,76.18
110,334,50.24,33.40
111,1004,154.88,79.34
112,195,28.58,22.34
113,257,38.31,32.60
114,365,55.17,33.42
115,744,114.28,66.33
116,1121,173.29,87.71
117,350,52.70,37.29
118,429,65.04,43.41
119,1029,158.85,79.44
120,887,136.66,72.00
121,254,37.82,31.74
122,160,23.12,21.74
123,418,63.41,36.55
124,169,24.50,23.55
125,947,146.02,63.77
126,243,35.99,23.84
127,882,135.83,43.17
128,371,56.09,39.45
129,776,119.32,53.53
130,846,130.26,72.24
131,586,89.57,60.75
132,507,77.35,45.48
133,234,34.65,30.30
134,370,55.83,41.91
135,618,94.59,61.03
136,271,40.40,30.79
137,295,44.14,32.19
138,353,53.22,36.10
139,1020,157.47,76.97
140,1142,176.52,89.10
141,744,114.28,70.87
142,768,118.06,60.22
143,562,85.93,44.25
144,927,142.99,58.73
145,944,145.51,71.05
146,347,52.31,43.28
147,290,43.39,31.22
148,665,101.95,73.39
149,862,132.71,42.64
150,224,33.09,21.28
151,853,131.40,45.71
152,946,145.85,81.54
153,482,73.42,43.95
154,485,73.84,39.81
155,949,146.35,73.54
156,211,31.06,21.85
157,385,58.20,25.33
158,368,55.57,30.74
159,400,60.59,33.84
160,1240,191.84,90.29
161,329,49.47,40.00
162,399,60.46,42.04
163,595,91.04,53.22
164,458,69.68,50.20
165,458,69.68,34.22
166,693,106.37,68.50
167,344,51.79,42.00
168,583,89.14,60.94
169,317,47.55,28.70
170,772,118.69,69.85
171,816,125.56,36.53
172,155,22.32,20.80
173,381,57.67,40.56
174,797,122.67,81.82
175,652,99.98,62.21
176,735,112.87,54.66
177,950,146.52,30.20
178,863,132.87,63.20
179,774,119.01,74.41
180,894,137.82,78.35
181,414,62.74,49.83
182,258,38.43,32.33
183,236,35.02,26.42
184,241,35.74,31.92
185,230,34.05,28.19
186,301,45.15,36.92
187,360,54.39,33.32
188,458,69.68,49.16
189,1043,161.12,51.50
190,177,25.77,24.80
191,672,103.01,46.14
192,335,50.50,35.24
193,416,63.01,38.88
194,392,59.26,44.05
195,364,54.91,38.07
196,625,95.78,52.63
197,1004,154.88,85.13
198,902,138.98,69.09
199,388,58.73,44.73
200,344,51.79,33.22
201,379,57.28,31.24
202,348,52.44,33.68
203,789,121.39,58.22
204,842,129.61,58.15
205,927,142.99,50.95
206,209,30.70,21.58
207,186,27.17,22.63
208,533,81.33,42.40
209,230,34.05,24.81
210,1622,251.59,47.30
211,573,87.68,48.68
212,648,99.38,41.73
213,279,41.64,34.09
214,766,117.74,60.21
215,284,42.51,34.03
216,582,88.99,61.20
217,165,23.81,22.86
218,603,92.37,56.47
219,279,41.64,31.93
220,277,41.39,29.13
221,254,37.82,34.24
222,188,27.52,20.07
223,234,34.65,24.92
224,266,39.66,25.71
225,273,40.77,29.09
226,317,47.55,38.46
227,824,126.85,44.67
228,573,87.68,37.04
229,394,59.66,43.77
230,638,97.73,55.30
231,419,63.55,34.40
232,210,30.94,21.04
233,821,126.37,28.91
234,295,44.14,30.38
235,416,63.01,33.10
236,697,106.99,56.94
237,824,126.85,70.78
238,674,103.31,64.08
239,300,45.02,37.82
240,845,130.09,75.93
241,874,134.68,82.76
242,410,62.07,49.97
243,495,75.38,52.19
244,207,30.47,25.74
245,483,73.56,42.67
246,595,91.04,29.68
247,453,68.86,35.83
248,1000,154.36,56.25
249,216,31.89,25.43
250,597,91.34,51.74
251,420,63.68,43.54
252,542,82.76,50.18
253,1056,163.04,82.07
254,690,105.91,55.42
255,1142,176.52,80.13
256,267,39.78,20.00
257,373,56.35,46.15
258,288,43.14,28.95
259,435,65.99,45.56
260,197,28.93,25.19
261,401,60.73,21.67
262,404,61.13,25.14
263,592,90.60,63.54
264,667,102.25,67.87
265,917,141.31,90.59
266,761,116.95,58.21
267,480,73.14,54.04
268,1004,154.88,90.39
269,975,150.43,68.58
270,182,26.59,20.81
271,871,134.19,36.58
272,797,122.67,67.67
273,213,31.42,27.03
274,266,39.66,34.60
275,654,100.28,34.42
276,650,99.68,57.15
277,701,107.60,57.99
278,609,93.26,57.06
279,264,39.29,33.98
280,1121,173.29,65.29
